{"lr": 0.0075, "data_time": 0.841242774327596, "grad_norm": 41.05657335917155, "loss": 5.966445843378703, "rgb_top1_acc": 0.5, "rgb_top5_acc": 1.0, "rgb_loss_cls": 2.981695592403412, "pose_top1_acc": 0.5, "pose_top5_acc": 0.75, "pose_loss_cls": 2.9847502867380777, "time": 1.3085699558258057, "epoch": 1, "iter": 15, "memory": 13979, "step": 15}
{"acc/rgb_top1": 0.25, "acc/rgb_top5": 0.7045454545454546, "acc/rgb_mean1": 0.1984265734265734, "acc/pose_top1": 0.2727272727272727, "acc/pose_top5": 0.5, "acc/pose_mean1": 0.14985014985014986, "acc/RGBPose_1:1_top1": 0.3181818181818182, "acc/RGBPose_1:1_top5": 0.6363636363636364, "acc/RGBPose_1:1_mean1": 0.25017482517482514, "acc/RGBPose_2:1_top1": 0.3181818181818182, "acc/RGBPose_2:1_top5": 0.6590909090909091, "acc/RGBPose_2:1_mean1": 0.25017482517482514, "acc/RGBPose_1:2_top1": 0.29545454545454547, "acc/RGBPose_1:2_top5": 0.6136363636363636, "acc/RGBPose_1:2_mean1": 0.14073426573426573, "data_time": 0.19475078582763672, "time": 0.23251968080347235, "step": 1}
{"lr": 0.0075, "data_time": 0.537410306930542, "grad_norm": 23.78359537124634, "loss": 3.084151303768158, "rgb_top1_acc": 0.75, "rgb_top5_acc": 1.0, "rgb_loss_cls": 1.5583368003368379, "pose_top1_acc": 0.0, "pose_top5_acc": 1.0, "pose_loss_cls": 1.5258144989609719, "time": 0.9837077736854554, "epoch": 2, "iter": 30, "memory": 13979, "step": 30}
{"acc/rgb_top1": 0.3181818181818182, "acc/rgb_top5": 0.6363636363636364, "acc/rgb_mean1": 0.21923076923076926, "acc/pose_top1": 0.3409090909090909, "acc/pose_top5": 0.8409090909090909, "acc/pose_mean1": 0.2515734265734266, "acc/RGBPose_1:1_top1": 0.29545454545454547, "acc/RGBPose_1:1_top5": 0.8181818181818182, "acc/RGBPose_1:1_mean1": 0.2108974358974359, "acc/RGBPose_2:1_top1": 0.3181818181818182, "acc/RGBPose_2:1_top5": 0.8181818181818182, "acc/RGBPose_2:1_mean1": 0.21923076923076926, "acc/RGBPose_1:2_top1": 0.3409090909090909, "acc/RGBPose_1:2_top5": 0.8181818181818182, "acc/RGBPose_1:2_mean1": 0.24877622377622374, "data_time": 0.08554434776306152, "time": 0.12312691108040187, "step": 2}
{"lr": 0.0075, "data_time": 0.5159873485565185, "grad_norm": 15.676929235458374, "loss": 2.6083776354789734, "rgb_top1_acc": 0.5, "rgb_top5_acc": 1.0, "rgb_loss_cls": 1.287133738398552, "pose_top1_acc": 0.75, "pose_top5_acc": 1.0, "pose_loss_cls": 1.321243904531002, "time": 0.9644991755485535, "epoch": 3, "iter": 45, "memory": 13979, "step": 45}
{"acc/rgb_top1": 0.38636363636363635, "acc/rgb_top5": 0.7954545454545454, "acc/rgb_mean1": 0.34061771561771564, "acc/pose_top1": 0.29545454545454547, "acc/pose_top5": 0.8636363636363636, "acc/pose_mean1": 0.3361013986013986, "acc/RGBPose_1:1_top1": 0.4318181818181818, "acc/RGBPose_1:1_top5": 0.8636363636363636, "acc/RGBPose_1:1_mean1": 0.39459498834498835, "acc/RGBPose_2:1_top1": 0.4090909090909091, "acc/RGBPose_2:1_top5": 0.8636363636363636, "acc/RGBPose_2:1_mean1": 0.37186771561771564, "acc/RGBPose_1:2_top1": 0.36363636363636365, "acc/RGBPose_1:2_top5": 0.8636363636363636, "acc/RGBPose_1:2_mean1": 0.35773601398601396, "data_time": 0.08607776268668797, "time": 0.12392659809278406, "step": 3}
