{"lr": 0.0075, "data_time": 0.934134324391683, "grad_norm": 39.270578130086264, "loss": 6.132989613215129, "rgb_top1_acc": 0.5, "rgb_top5_acc": 1.0, "rgb_loss_cls": 2.9410710016886394, "pose_top1_acc": 0.0, "pose_top5_acc": 1.0, "pose_loss_cls": 3.191918698946635, "time": 1.3957566102345784, "epoch": 1, "iter": 15, "memory": 13979, "step": 15}
{"acc/rgb_top1": 0.4090909090909091, "acc/rgb_top5": 1.0, "acc/rgb_mean1": 0.38716491841491846, "acc/pose_top1": 0.25, "acc/pose_top5": 0.6363636363636364, "acc/pose_mean1": 0.11946386946386944, "acc/RGBPose_1:1_top1": 0.36363636363636365, "acc/RGBPose_1:1_top5": 0.9318181818181818, "acc/RGBPose_1:1_mean1": 0.1953046953046953, "acc/RGBPose_2:1_top1": 0.36363636363636365, "acc/RGBPose_2:1_top5": 0.9772727272727273, "acc/RGBPose_2:1_mean1": 0.274941724941725, "acc/RGBPose_1:2_top1": 0.2727272727272727, "acc/RGBPose_1:2_top5": 0.8863636363636364, "acc/RGBPose_1:2_mean1": 0.12988053613053613, "data_time": 0.31338498809120874, "time": 0.3514658212661743, "step": 1}
{"lr": 0.0075, "data_time": 0.5136073946952819, "grad_norm": 22.22942724227905, "loss": 3.0429352283477784, "rgb_top1_acc": 0.5, "rgb_top5_acc": 1.0, "rgb_loss_cls": 1.4818920195102692, "pose_top1_acc": 1.0, "pose_top5_acc": 1.0, "pose_loss_cls": 1.5610432356595993, "time": 0.9601402044296264, "epoch": 2, "iter": 30, "memory": 13979, "step": 30}
{"acc/rgb_top1": 0.18181818181818182, "acc/rgb_top5": 1.0, "acc/rgb_mean1": 0.23106060606060608, "acc/pose_top1": 0.045454545454545456, "acc/pose_top5": 0.5227272727272727, "acc/pose_mean1": 0.025641025641025644, "acc/RGBPose_1:1_top1": 0.13636363636363635, "acc/RGBPose_1:1_top5": 0.9090909090909091, "acc/RGBPose_1:1_mean1": 0.11931818181818182, "acc/RGBPose_2:1_top1": 0.18181818181818182, "acc/RGBPose_2:1_top5": 0.9545454545454546, "acc/RGBPose_2:1_mean1": 0.18484848484848487, "acc/RGBPose_1:2_top1": 0.022727272727272728, "acc/RGBPose_1:2_top5": 0.8863636363636364, "acc/RGBPose_1:2_mean1": 0.012820512820512822, "data_time": 0.08496681503627611, "time": 0.1231758801833443, "step": 2}
{"lr": 0.0075, "data_time": 0.49192984104156495, "grad_norm": 12.915767621994018, "loss": 2.369590479135513, "rgb_top1_acc": 0.5, "rgb_top5_acc": 1.0, "rgb_loss_cls": 1.1815060645341873, "pose_top1_acc": 0.5, "pose_top5_acc": 1.0, "pose_loss_cls": 1.1880844235420227, "time": 0.9367023706436157, "epoch": 3, "iter": 45, "memory": 13979, "step": 45}
{"acc/rgb_top1": 0.6136363636363636, "acc/rgb_top5": 1.0, "acc/rgb_mean1": 0.6080273892773893, "acc/pose_top1": 0.7045454545454546, "acc/pose_top5": 1.0, "acc/pose_mean1": 0.6920163170163169, "acc/RGBPose_1:1_top1": 0.7727272727272727, "acc/RGBPose_1:1_top5": 1.0, "acc/RGBPose_1:1_mean1": 0.7718531468531469, "acc/RGBPose_2:1_top1": 0.6818181818181818, "acc/RGBPose_2:1_top5": 1.0, "acc/RGBPose_2:1_mean1": 0.6708187645687645, "acc/RGBPose_1:2_top1": 0.7727272727272727, "acc/RGBPose_1:2_top5": 1.0, "acc/RGBPose_1:2_mean1": 0.7753496503496503, "data_time": 0.10229610360187033, "time": 0.1396703409112018, "step": 3}
{"lr": 0.0075, "data_time": 0.5257029294967651, "grad_norm": 11.263809299468994, "loss": 1.931999832391739, "rgb_top1_acc": 0.25, "rgb_top5_acc": 1.0, "rgb_loss_cls": 0.964075468480587, "pose_top1_acc": 0.25, "pose_top5_acc": 1.0, "pose_loss_cls": 0.9679243624210357, "time": 0.970385730266571, "epoch": 4, "iter": 60, "memory": 13979, "step": 60}
{"acc/rgb_top1": 0.6818181818181818, "acc/rgb_top5": 1.0, "acc/rgb_mean1": 0.6891754079254079, "acc/pose_top1": 0.5909090909090909, "acc/pose_top5": 1.0, "acc/pose_mean1": 0.5473484848484849, "acc/RGBPose_1:1_top1": 0.6590909090909091, "acc/RGBPose_1:1_top5": 1.0, "acc/RGBPose_1:1_mean1": 0.6443036130536131, "acc/RGBPose_2:1_top1": 0.7045454545454546, "acc/RGBPose_2:1_top5": 1.0, "acc/RGBPose_2:1_mean1": 0.7084061771561772, "acc/RGBPose_1:2_top1": 0.6136363636363636, "acc/RGBPose_1:2_top5": 1.0, "acc/RGBPose_1:2_mean1": 0.5906177156177156, "data_time": 0.08348133253014606, "time": 0.12112947132276453, "step": 4}
{"lr": 0.0075, "data_time": 0.4997310280799866, "grad_norm": 9.539713931083678, "loss": 1.5377211183309556, "rgb_top1_acc": 0.5, "rgb_top5_acc": 1.0, "rgb_loss_cls": 0.7674305438995361, "pose_top1_acc": 0.5, "pose_top5_acc": 1.0, "pose_loss_cls": 0.7702905833721161, "time": 0.9467049241065979, "epoch": 5, "iter": 75, "memory": 13979, "step": 75}
{"acc/rgb_top1": 0.6363636363636364, "acc/rgb_top5": 1.0, "acc/rgb_mean1": 0.6305361305361306, "acc/pose_top1": 0.7272727272727273, "acc/pose_top5": 1.0, "acc/pose_mean1": 0.7229749417249418, "acc/RGBPose_1:1_top1": 0.7727272727272727, "acc/RGBPose_1:1_top5": 1.0, "acc/RGBPose_1:1_mean1": 0.7614364801864802, "acc/RGBPose_2:1_top1": 0.75, "acc/RGBPose_2:1_top5": 1.0, "acc/RGBPose_2:1_mean1": 0.742205710955711, "acc/RGBPose_1:2_top1": 0.75, "acc/RGBPose_1:2_top5": 1.0, "acc/RGBPose_1:2_mean1": 0.742205710955711, "data_time": 0.09431360078894574, "time": 0.13206803280374277, "step": 5}
{"lr": 0.0075, "data_time": 0.5064525961875915, "grad_norm": 8.154994714260102, "loss": 1.300387054681778, "rgb_top1_acc": 0.75, "rgb_top5_acc": 1.0, "rgb_loss_cls": 0.5628382477909326, "pose_top1_acc": 0.5, "pose_top5_acc": 1.0, "pose_loss_cls": 0.7375488206744194, "time": 0.9526323199272155, "epoch": 6, "iter": 90, "memory": 13979, "step": 90}
{"acc/rgb_top1": 0.75, "acc/rgb_top5": 1.0, "acc/rgb_mean1": 0.7115384615384616, "acc/pose_top1": 0.75, "acc/pose_top5": 1.0, "acc/pose_mean1": 0.7301864801864802, "acc/RGBPose_1:1_top1": 0.8181818181818182, "acc/RGBPose_1:1_top5": 1.0, "acc/RGBPose_1:1_mean1": 0.7913752913752914, "acc/RGBPose_2:1_top1": 0.7954545454545454, "acc/RGBPose_2:1_top5": 1.0, "acc/RGBPose_2:1_mean1": 0.7601252913752914, "acc/RGBPose_1:2_top1": 0.7954545454545454, "acc/RGBPose_1:2_top5": 1.0, "acc/RGBPose_1:2_mean1": 0.7686480186480187, "data_time": 0.08283652429995329, "time": 0.12153407801752505, "step": 6}
{"lr": 0.0075, "data_time": 0.5519471764564514, "grad_norm": 8.767178797721863, "loss": 1.1614544987678528, "rgb_top1_acc": 0.5, "rgb_top5_acc": 1.0, "rgb_loss_cls": 0.5253647737205028, "pose_top1_acc": 0.25, "pose_top5_acc": 1.0, "pose_loss_cls": 0.636089737713337, "time": 0.9986070275306702, "epoch": 7, "iter": 105, "memory": 13979, "step": 105}
{"acc/rgb_top1": 0.7045454545454546, "acc/rgb_top5": 1.0, "acc/rgb_mean1": 0.7021416083916084, "acc/pose_top1": 0.7954545454545454, "acc/pose_top5": 1.0, "acc/pose_mean1": 0.8082022144522145, "acc/RGBPose_1:1_top1": 0.7272727272727273, "acc/RGBPose_1:1_top5": 1.0, "acc/RGBPose_1:1_mean1": 0.7454108391608392, "acc/RGBPose_2:1_top1": 0.7272727272727273, "acc/RGBPose_2:1_top5": 1.0, "acc/RGBPose_2:1_mean1": 0.7454108391608392, "acc/RGBPose_1:2_top1": 0.75, "acc/RGBPose_1:2_top5": 1.0, "acc/RGBPose_1:2_mean1": 0.7662441724941725, "data_time": 0.08480407880700153, "time": 0.12355375289916992, "step": 7}
{"lr": 0.0075, "data_time": 0.5104375004768371, "grad_norm": 9.132102990150452, "loss": 1.3232889473438263, "rgb_top1_acc": 0.75, "rgb_top5_acc": 1.0, "rgb_loss_cls": 0.5703413136303425, "pose_top1_acc": 0.75, "pose_top5_acc": 1.0, "pose_loss_cls": 0.752947635948658, "time": 0.9581649303436279, "epoch": 8, "iter": 120, "memory": 13979, "step": 120}
{"acc/rgb_top1": 0.6818181818181818, "acc/rgb_top5": 1.0, "acc/rgb_mean1": 0.6929632867132867, "acc/pose_top1": 0.7272727272727273, "acc/pose_top5": 1.0, "acc/pose_mean1": 0.74504662004662, "acc/RGBPose_1:1_top1": 0.7045454545454546, "acc/RGBPose_1:1_top5": 1.0, "acc/RGBPose_1:1_mean1": 0.7242132867132867, "acc/RGBPose_2:1_top1": 0.7045454545454546, "acc/RGBPose_2:1_top5": 1.0, "acc/RGBPose_2:1_mean1": 0.7242132867132867, "acc/RGBPose_1:2_top1": 0.7272727272727273, "acc/RGBPose_1:2_top5": 1.0, "acc/RGBPose_1:2_mean1": 0.74504662004662, "data_time": 0.09475743252298106, "time": 0.13270191524339758, "step": 8}
{"lr": 0.0075, "data_time": 0.48923983573913576, "grad_norm": 7.665757775306702, "loss": 1.1341682761907577, "rgb_top1_acc": 0.5, "rgb_top5_acc": 1.0, "rgb_loss_cls": 0.535580650344491,