{"lr": 0.0075, "data_time": 0.9157532215118408, "grad_norm": 36.468998718261716, "loss": 6.120820172627767, "rgb_top1_acc": 0.75, "rgb_top5_acc": 0.75, "rgb_loss_cls": 2.960250997543335, "pose_top1_acc": 0.25, "pose_top5_acc": 0.75, "pose_loss_cls": 3.160569190979004, "time": 1.3797919432322183, "epoch": 1, "iter": 15, "memory": 13979, "step": 15}
{"acc/rgb_top1": 0.4318181818181818, "acc/rgb_top5": 0.9772727272727273, "acc/rgb_mean1": 0.40340909090909094, "acc/pose_top1": 0.11363636363636363, "acc/pose_top5": 0.3409090909090909, "acc/pose_mean1": 0.06610576923076923, "acc/RGBPose_1:1_top1": 0.29545454545454547, "acc/RGBPose_1:1_top5": 0.75, "acc/RGBPose_1:1_mean1": 0.22482517482517483, "acc/RGBPose_2:1_top1": 0.4318181818181818, "acc/RGBPose_2:1_top5": 0.7727272727272727, "acc/RGBPose_2:1_mean1": 0.40340909090909094, "acc/RGBPose_1:2_top1": 0.1590909090909091, "acc/RGBPose_1:2_top5": 0.7272727272727273, "acc/RGBPose_1:2_mean1": 0.09752747252747253, "data_time": 0.26765705238689075, "time": 0.30539714206348767, "step": 1}
{"lr": 0.0075, "data_time": 0.5354732394218444, "grad_norm": 21.929997873306274, "loss": 2.981296366453171, "rgb_top1_acc": 0.5, "rgb_top5_acc": 1.0, "rgb_loss_cls": 1.3475284278392792, "pose_top1_acc": 0.75, "pose_top5_acc": 1.0, "pose_loss_cls": 1.633767944574356, "time": 0.984956705570221, "epoch": 2, "iter": 30, "memory": 13979, "step": 30}
{"acc/rgb_top1": 0.38636363636363635, "acc/rgb_top5": 0.9318181818181818, "acc/rgb_mean1": 0.313986013986014, "acc/pose_top1": 0.4318181818181818, "acc/pose_top5": 0.8636363636363636, "acc/pose_mean1": 0.33723776223776225, "acc/RGBPose_1:1_top1": 0.38636363636363635, "acc/RGBPose_1:1_top5": 0.8863636363636364, "acc/RGBPose_1:1_mean1": 0.26165501165501165, "acc/RGBPose_2:1_top1": 0.38636363636363635, "acc/RGBPose_2:1_top5": 0.9090909090909091, "acc/RGBPose_2:1_mean1": 0.313986013986014, "acc/RGBPose_1:2_top1": 0.4090909090909091, "acc/RGBPose_1:2_top5": 0.8863636363636364, "acc/RGBPose_1:2_mean1": 0.273018648018648, "data_time": 0.09981982604317043, "time": 0.13783932768780252, "step": 2}
{"lr": 0.0075, "data_time": 0.5216718673706054, "grad_norm": 14.755464601516724, "loss": 2.31572225689888, "rgb_top1_acc": 0.5, "rgb_top5_acc": 1.0, "rgb_loss_cls": 1.0648007705807685, "pose_top1_acc": 0.5, "pose_top5_acc": 1.0, "pose_loss_cls": 1.2509214967489242, "time": 0.9705331444740295, "epoch": 3, "iter": 45, "memory": 13979, "step": 45}
{"acc/rgb_top1": 0.4772727272727273, "acc/rgb_top5": 1.0, "acc/rgb_mean1": 0.5089597902097902, "acc/pose_top1": 0.45454545454545453, "acc/pose_top5": 1.0, "acc/pose_mean1": 0.4135343822843823, "acc/RGBPose_1:1_top1": 0.5454545454545454, "acc/RGBPose_1:1_top5": 1.0, "acc/RGBPose_1:1_mean1": 0.5628642191142191, "acc/RGBPose_2:1_top1": 0.4772727272727273, "acc/RGBPose_2:1_top5": 1.0, "acc/RGBPose_2:1_mean1": 0.5089597902097902, "acc/RGBPose_1:2_top1": 0.5681818181818182, "acc/RGBPose_1:2_top5": 1.0, "acc/RGBPose_1:2_mean1": 0.5697843822843823, "data_time": 0.08676188925038213, "time": 0.12488819205242654, "step": 3}
{"lr": 0.0075, "data_time": 0.5367456674575806, "grad_norm": 11.935323190689086, "loss": 1.8431633055210113, "rgb_top1_acc": 0.5, "rgb_top5_acc": 1.0, "rgb_loss_cls": 0.9255390793085099, "pose_top1_acc": 0.75, "pose_top5_acc": 1.0, "pose_loss_cls": 0.9176242470741272, "time": 0.9839961171150208, "epoch": 4, "iter": 60, "memory": 13979, "step": 60}
{"acc/rgb_top1": 0.45454545454545453, "acc/rgb_top5": 0.7727272727272727, "acc/rgb_mean1": 0.4401223776223776, "acc/pose_top1": 0.4772727272727273, "acc/pose_top5": 0.9772727272727273, "acc/pose_mean1": 0.4884178321678322, "acc/RGBPose_1:1_top1": 0.45454545454545453, "acc/RGBPose_1:1_top5": 0.9545454545454546, "acc/RGBPose_1:1_mean1": 0.4606643356643357, "acc/RGBPose_2:1_top1": 0.4772727272727273, "acc/RGBPose_2:1_top5": 0.9090909090909091, "acc/RGBPose_2:1_mean1": 0.4713723776223776, "acc/RGBPose_1:2_top1": 0.4772727272727273, "acc/RGBPose_1:2_top5": 0.9545454545454546, "acc/RGBPose_1:2_mean1": 0.4884178321678322, "data_time": 0.09467008839482846, "time": 0.13237820500912872, "step": 4}
{"lr": 0.0075, "data_time": 0.5360025644302369, "grad_norm": 10.543040823936462, "loss": 1.9300685107707978, "rgb_top1_acc": 0.5, "rgb_top5_acc": 1.0, "rgb_loss_cls": 0.9473580449819565, "pose_top1_acc": 0.5, "pose_top5_acc": 1.0, "pose_loss_cls": 0.9827104762196541, "time": 0.9831606864929199, "epoch": 5, "iter": 75, "memory": 13979, "step": 75}
{"acc/rgb_top1": 0.5681818181818182, "acc/rgb_top5": 1.0, "acc/rgb_mean1": 0.45844988344988347, "acc/pose_top1": 0.5454545454545454, "acc/pose_top5": 1.0, "acc/pose_mean1": 0.5431235431235432, "acc/RGBPose_1:1_top1": 0.5681818181818182, "acc/RGBPose_1:1_top5": 1.0, "acc/RGBPose_1:1_mean1": 0.5623543123543123, "acc/RGBPose_2:1_top1": 0.5909090909090909, "acc/RGBPose_2:1_top5": 1.0, "acc/RGBPose_2:1_mean1": 0.4680652680652681, "acc/RGBPose_1:2_top1": 0.5681818181818182, "acc/RGBPose_1:2_top5": 1.0, "acc/RGBPose_1:2_mean1": 0.5623543123543123, "data_time": 0.09920513111612071, "time": 0.1371998164964759, "step": 5}
{"lr": 0.0075, "data_time": 0.5350401163101196, "grad_norm": 7.605707287788391, "loss": 1.4591799527406693, "rgb_top1_acc": 1.0, "rgb_top5_acc": 1.0, "rgb_loss_cls": 0.665424544736743, "pose_top1_acc": 0.75, "pose_top5_acc": 1.0, "pose_loss_cls": 0.7937554091215133, "time": 0.981650173664093, "epoch": 6, "iter": 90, "memory": 13979, "step": 90}
{"acc/rgb_top1": 0.75, "acc/rgb_top5": 1.0, "acc/rgb_mean1": 0.7491258741258742, "acc/pose_top1": 0.6136363636363636, "acc/pose_top5": 1.0, "acc/pose_mean1": 0.575247668997669, "acc/RGBPose_1:1_top1": 0.7045454545454546, "acc/RGBPose_1:1_top5": 1.0, "acc/RGBPose_1:1_mean1": 0.6986451048951049, "acc/RGBPose_2:1_top1": 0.75, "acc/RGBPose_2:1_top5": 1.0, "acc/RGBPose_2:1_mean1": 0.7491258741258742, "acc/RGBPose_1:2_top1": 0.6818181818181818, "acc/RGBPose_1:2_top5": 1.0, "acc/RGBPose_1:2_mean1": 0.6569784382284383, "data_time": 0.09282209562218707, "time": 0.13087575331978177, "step": 6}
{"lr": 0.0075, "data_time": 0.4944277286529541, "grad_norm": 6.978129744529724, "loss": 1.079875296354294, "rgb_top1_acc": 0.75, "rgb_top5_acc": 1.0, "rgb_loss_cls": 0.43033742941915987, "pose_top1_acc": 0.5, "pose_top5_acc": 1.0, "pose_loss_cls": 0.6495378568768502, "time": 0.9419302701950073, "epoch": 7, "iter": 105, "memory": 13979, "step": 105}
{"acc/rgb_top1": 0.7954545454545454, "acc/rgb_top5": 1.0, "acc/rgb_mean1": 0.8063082750582751, "acc/pose_top1": 0.7045454545454546, "acc/pose_top5": 1.0, "acc/pose_mean1": 0.6933275058275058, "acc/RGBPose_1:1_top1": 0.7954545454545454, "acc/RGBPose_1:1_top5": 1.0, "acc/RGBPose_1:1_mean1": 0.8063082750582751, "acc/RGBPose_2:1_top1": 0.7954545454545454, "acc/RGBPose_2:1_top5": 1.0, "acc/RGBPose_2:1_mean1": 0.8063082750582751, "acc/RGBPose_1:2_top1": 0.7954545454545454, "acc/RGBPose_1:2_top5": 1.0, "acc/RGBPose_1:2_mean1": 0.7977855477855478, "data_time": 0.08599999676580014, "time": 0.12391045819158139, "step": 7}
{"lr": 0.0075, "data_time": 0.4791563391685486, "grad_norm": 8.44900976419449, "loss": 0.9873942404985427, "rgb_top1_acc": 0.75, "rgb_top5_acc": 1.0, "rgb_loss_cls": 0.36534416005015374, "pose_top1_acc": 0.75, "pose_top5_acc": 1.0, "pose_loss_cls": 0.6220500774681568, "time": 0.9274135112762452, "epoch": 8, "iter": 120, "memory": 13979, "step": 120}
{"acc/rgb_top1": 0.8181818181818182, "acc/rgb_top5": 1.0, "acc/rgb_mean1": 0.7964015151515152, "acc/pose_top1": 0.6590909090909091, "acc/pose_top5": 1.0, "acc/pose_mean1": 0.62252331002331, "acc/RGBPose_1:1_top1": 0.7954545454545454, "acc/RGBPose_1:1_top5": 1.0, "acc/RGBPose_1:1_mean1": 0.7686480186480187, "acc/RGBPose_2:1_top1": 0.7954545454545454, "acc/RGBPose_2:1_top5": 1.0, "acc/RGBPose_2:1_mean1": 0.777170745920746, "acc/RGBPose_1:2_top1": 0.75, "acc/RGBPose_1:2_top5": 1.0, "acc/RGBPose_1:2_mean1": 0.728583916083916, "data_time": 0.09922397654989491, "time": 0.13758262344028638, "step": 8}
{"lr": 0.0075, "data_time": 0.5564982771873475,